-- categoriesテーブル
INSERT IGNORE INTO categories (id, category_name) VALUES (1, '和食');
INSERT IGNORE INTO categories (id, category_name) VALUES (2, 'うどん');
INSERT IGNORE INTO categories (id, category_name) VALUES (3, '丼物');
INSERT IGNORE INTO categories (id, category_name) VALUES (4, 'ラーメン');
INSERT IGNORE INTO categories (id, category_name) VALUES (5, 'おでん');
INSERT IGNORE INTO categories (id, category_name) VALUES (6, '揚げ物');
INSERT IGNORE INTO categories (id, category_name) VALUES (7, '居酒屋');
INSERT IGNORE INTO categories (id, category_name) VALUES (8, '焼肉');
INSERT IGNORE INTO categories (id, category_name) VALUES (9, '寿司');
INSERT IGNORE INTO categories (id, category_name) VALUES (10, '定食');
INSERT IGNORE INTO categories (id, category_name) VALUES (11, 'カレー');
INSERT IGNORE INTO categories (id, category_name) VALUES (12, '喫茶店');
INSERT IGNORE INTO categories (id, category_name) VALUES (13, '中華料理');
INSERT IGNORE INTO categories (id, category_name) VALUES (14, 'イタリア料理');
INSERT IGNORE INTO categories (id, category_name) VALUES (15, 'フランス料理');
INSERT IGNORE INTO categories (id, category_name) VALUES (16, 'スペイン料理');
INSERT IGNORE INTO categories (id, category_name) VALUES (17, '韓国料理');
INSERT IGNORE INTO categories (id, category_name) VALUES (18, 'タイ料理');
INSERT IGNORE INTO categories (id, category_name) VALUES (19, '海鮮料理');
INSERT IGNORE INTO categories (id, category_name) VALUES (20, 'ステーキ');
INSERT IGNORE INTO categories (id, category_name) VALUES (21, 'ハンバーグ');
INSERT IGNORE INTO categories (id, category_name) VALUES (22, 'ハンバーガー');
INSERT IGNORE INTO categories (id, category_name) VALUES (23, 'そば');
INSERT IGNORE INTO categories (id, category_name) VALUES (24, 'お好み焼き');
INSERT IGNORE INTO categories (id, category_name) VALUES (25, 'たこ焼き');
INSERT IGNORE INTO categories (id, category_name) VALUES (26, '鍋料理');
INSERT IGNORE INTO categories (id, category_name) VALUES (27, 'バー');
INSERT IGNORE INTO categories (id, category_name) VALUES (28, 'パン');
INSERT IGNORE INTO categories (id, category_name) VALUES (29, 'スイーツ');
INSERT IGNORE INTO categories (id, category_name) VALUES (30, '焼き鳥');
INSERT IGNORE INTO categories (id, category_name) VALUES (31, 'すき焼き');
INSERT IGNORE INTO categories (id, category_name) VALUES (32, 'しゃぶしゃぶ');
INSERT IGNORE INTO categories (id, category_name) VALUES (33, '天ぷら');
INSERT IGNORE INTO categories (id, category_name) VALUES (34, '鉄板焼き');

-- shopsテーブル
INSERT IGNORE INTO shops (id, category_id, name, image_name, description, lowest_price, highest_price, opening_time, closing_time, postal_code, address, phone_number, seating_capacity) VALUES (1, 1, '栄和食亭', 'shop01.jpg', '名古屋の地元民に愛される人気店です。', 700, 1600, '11:00:00', '22:00:00', '460-0000', '名古屋市中区栄4-18-9', '052-250-1001', 30);
INSERT IGNORE INTO shops (id, category_id, name, image_name, description, lowest_price, highest_price, opening_time, closing_time, postal_code, address, phone_number, seating_capacity) VALUES (2, 2, '大須うどん本舗', 'shop02.jpg', '名古屋の地元民に愛される人気店です。', 600, 1300, '11:00:00', '22:00:00', '460-0000', '名古屋市中区大須3-11-7', '052-250-1002', 28);
INSERT IGNORE INTO shops (id, category_id, name, image_name, description, lowest_price, highest_price, opening_time, closing_time, postal_code, address, phone_number, seating_capacity) VALUES (3, 3, '矢場丼物キッチン', 'shop03.jpg', '名古屋の地元民に愛される人気店です。', 800, 1700, '11:00:00', '22:00:00', '460-0000', '名古屋市中区栄5-15-3', '052-250-1003', 32);
INSERT IGNORE INTO shops (id, category_id, name, image_name, description, lowest_price, highest_price, opening_time, closing_time, postal_code, address, phone_number, seating_capacity) VALUES (4, 4, '味仙ラーメン栄店', 'shop04.jpg', '名古屋の地元民に愛される人気店です。', 700, 1400, '11:00:00', '22:00:00', '460-0000', '名古屋市中区栄3-12-10', '052-250-1004', 35);
INSERT IGNORE INTO shops (id, category_id, name, image_name, description, lowest_price, highest_price, opening_time, closing_time, postal_code, address, phone_number, seating_capacity) VALUES (5, 5, '金山おでん屋', 'shop05.jpg', '名古屋の地元民に愛される人気店です。', 600, 1200, '11:00:00', '22:00:00', '460-0000', '名古屋市熱田区金山1-5-1', '052-250-1005', 24);
INSERT IGNORE INTO shops (id, category_id, name, image_name, description, lowest_price, highest_price, opening_time, closing_time, postal_code, address, phone_number, seating_capacity) VALUES (6, 6, '今池揚げ物スタンド', 'shop06.jpg', '名古屋の地元民に愛される人気店です。', 700, 1500, '11:00:00', '22:00:00', '460-0000', '名古屋市千種区今池1-4-4', '052-250-1006', 26);
INSERT IGNORE INTO shops (id, category_id, name, image_name, description, lowest_price, highest_price, opening_time, closing_time, postal_code, address, phone_number, seating_capacity) VALUES (7, 7, '伏見居酒屋バル', 'shop07.jpg', '名古屋の地元民に愛される人気店です。', 800, 1800, '11:00:00', '23:00:00', '460-0000', '名古屋市中区錦2-9-14', '052-250-1007', 42);
INSERT IGNORE INTO shops (id, category_id, name, image_name, description, lowest_price, highest_price, opening_time, closing_time, postal_code, address, phone_number, seating_capacity) VALUES (8, 8, '焼肉ホルモン栄横丁', 'shop08.jpg', '名古屋の地元民に愛される人気店です。', 900, 2500, '11:00:00', '23:00:00', '460-0000', '名古屋市中区栄4-7-6', '052-250-1008', 48);
INSERT IGNORE INTO shops (id, category_id, name, image_name, description, lowest_price, highest_price, opening_time, closing_time, postal_code, address, phone_number, seating_capacity) VALUES (9, 9, '大須寿司処', 'shop09.jpg', '名古屋の地元民に愛される人気店です。', 800, 2200, '11:00:00', '22:00:00', '460-0000', '名古屋市中区大須2-15-8', '052-250-1009', 18);
INSERT IGNORE INTO shops (id, category_id, name, image_name, description, lowest_price, highest_price, opening_time, closing_time, postal_code, address, phone_number, seating_capacity) VALUES (10, 10, '中村定食家', 'shop10.jpg', '名古屋の地元民に愛される人気店です。', 600, 1200, '11:00:00', '22:00:00', '460-0000', '名古屋市中村区名駅3-8-9', '052-250-1010', 34);
INSERT IGNORE INTO shops (id, category_id, name, image_name, description, lowest_price, highest_price, opening_time, closing_time, postal_code, address, phone_number, seating_capacity) VALUES (11, 11, '矢場カレー本舗', 'shop11.jpg', '名古屋の地元民に愛される人気店です。', 700, 1400, '11:00:00', '22:00:00', '460-0000', '名古屋市中区栄3-20-7', '052-250-1011', 22);
INSERT IGNORE INTO shops (id, category_id, name, image_name, description, lowest_price, highest_price, opening_time, closing_time, postal_code, address, phone_number, seating_capacity) VALUES (12, 12, '栄喫茶ダイナー', 'shop12.jpg', '名古屋の地元民に愛される人気店です。', 500, 1100, '09:00:00', '21:00:00', '460-0000', '名古屋市中区栄4-5-5', '052-250-1012', 40);
INSERT IGNORE INTO shops (id, category_id, name, image_name, description, lowest_price, highest_price, opening_time, closing_time, postal_code, address, phone_number, seating_capacity) VALUES (13, 13, '今池中華酒場', 'shop13.jpg', '名古屋の地元民に愛される人気店です。', 700, 1600, '11:00:00', '22:00:00', '460-0000', '名古屋市千種区今池5-4-3', '052-250-1013', 36);
INSERT IGNORE INTO shops (id, category_id, name, image_name, description, lowest_price, highest_price, opening_time, closing_time, postal_code, address, phone_number, seating_capacity) VALUES (14, 14, '本山イタリア食堂', 'shop14.jpg', '名古屋の地元民に愛される人気店です。', 800, 2000, '11:00:00', '22:00:00', '460-0000', '名古屋市千種区末盛通3-2', '052-250-1014', 28);
INSERT IGNORE INTO shops (id, category_id, name, image_name, description, lowest_price, highest_price, opening_time, closing_time, postal_code, address, phone_number, seating_capacity) VALUES (15, 15, '覚王山フレンチ亭', 'shop15.jpg', '名古屋の地元民に愛される人気店です。', 900, 2500, '11:00:00', '22:00:00', '460-0000', '名古屋市千種区山門町2-1', '052-250-1015', 26);
INSERT IGNORE INTO shops (id, category_id, name, image_name, description, lowest_price, highest_price, opening_time, closing_time, postal_code, address, phone_number, seating_capacity) VALUES (16, 16, '栄スペインバル', 'shop16.jpg', '名古屋の地元民に愛される人気店です。', 800, 2000, '11:00:00', '23:00:00', '460-0000', '名古屋市中区栄3-8-11', '052-250-1016', 34);
INSERT IGNORE INTO shops (id, category_id, name, image_name, description, lowest_price, highest_price, opening_time, closing_time, postal_code, address, phone_number, seating_capacity) VALUES (17, 17, '金山韓国グリル', 'shop17.jpg', '名古屋の地元民に愛される人気店です。', 700, 1800, '11:00:00', '23:00:00', '460-0000', '名古屋市熱田区金山2-6-5', '052-250-1017', 32);
INSERT IGNORE INTO shops (id, category_id, name, image_name, description, lowest_price, highest_price, opening_time, closing_time, postal_code, address, phone_number, seating_capacity) VALUES (18, 18, '大須タイ屋台', 'shop18.jpg', '名古屋の地元民に愛される人気店です。', 700, 1600, '11:00:00', '22:00:00', '460-0000', '名古屋市中区大須3-30-2', '052-250-1018', 30);
INSERT IGNORE INTO shops (id, category_id, name, image_name, description, lowest_price, highest_price, opening_time, closing_time, postal_code, address, phone_number, seating_capacity) VALUES (19, 19, '栄海鮮ダイニング', 'shop19.jpg', '名古屋の地元民に愛される人気店です。', 900, 2400, '11:00:00', '22:00:00', '460-0000', '名古屋市中区栄5-11-9', '052-250-1019', 48);
INSERT IGNORE INTO shops (id, category_id, name, image_name, description, lowest_price, highest_price, opening_time, closing_time, postal_code, address, phone_number, seating_capacity) VALUES (20, 20, '矢場ステーキハウス', 'shop20.jpg', '名古屋の地元民に愛される人気店です。', 1000, 3000, '11:00:00', '22:00:00', '460-0000', '名古屋市中区栄4-12-12', '052-250-1020', 40);
INSERT IGNORE INTO shops (id, category_id, name, image_name, description, lowest_price, highest_price, opening_time, closing_time, postal_code, address, phone_number, seating_capacity) VALUES (21, 21, '名駅ハンバーグ亭', 'shop21.jpg', '名古屋の地元民に愛される人気店です。', 800, 1900, '11:00:00', '22:00:00', '460-0000', '名古屋市中村区名駅1-2-3', '052-250-1021', 32);
INSERT IGNORE INTO shops (id, category_id, name, image_name, description, lowest_price, highest_price, opening_time, closing_time, postal_code, address, phone_number, seating_capacity) VALUES (22, 22, '栄バーガースタンド', 'shop22.jpg', '名古屋の地元民に愛される人気店です。', 700, 1500, '11:00:00', '22:00:00', '460-0000', '名古屋市中区栄3-25-8', '052-250-1022', 26);
INSERT IGNORE INTO shops (id, category_id, name, image_name, description, lowest_price, highest_price, opening_time, closing_time, postal_code, address, phone_number, seating_capacity) VALUES (23, 23, '久屋そば処', 'shop23.jpg', '名古屋の地元民に愛される人気店です。', 600, 1300, '11:00:00', '22:00:00', '460-0000', '名古屋市東区泉1-17-3', '052-250-1023', 24);
INSERT IGNORE INTO shops (id, category_id, name, image_name, description, lowest_price, highest_price, opening_time, closing_time, postal_code, address, phone_number, seating_capacity) VALUES (24, 24, '大須お好み焼き亭', 'shop24.jpg', '名古屋の地元民に愛される人気店です。', 700, 1500, '11:00:00', '22:00:00', '460-0000', '名古屋市中区大須2-8-1', '052-250-1024', 30);
INSERT IGNORE INTO shops (id, category_id, name, image_name, description, lowest_price, highest_price, opening_time, closing_time, postal_code, address, phone_number, seating_capacity) VALUES (25, 25, '名駅たこ焼き本舗', 'shop25.jpg', '名古屋の地元民に愛される人気店です。', 500, 1200, '11:00:00', '22:00:00', '460-0000', '名古屋市中村区名駅3-6-7', '052-250-1025', 20);
INSERT IGNORE INTO shops (id, category_id, name, image_name, description, lowest_price, highest_price, opening_time, closing_time, postal_code, address, phone_number, seating_capacity) VALUES (26, 26, '栄鍋料理ホルモン', 'shop26.jpg', '名古屋の地元민に愛される人気店です。', 800, 1800, '11:00:00', '23:00:00', '460-0000', '名古屋市中区栄4-9-6', '052-250-1026', 34);
INSERT IGNORE INTO shops (id, category_id, name, image_name, description, lowest_price, highest_price, opening_time, closing_time, postal_code, address, phone_number, seating_capacity) VALUES (27, 27, '伏見バー樂', 'shop27.jpg', '名古屋の地元民に愛される人気店です。', 600, 1600, '17:00:00', '02:00:00', '460-0000', '名古屋市中区錦1-18-3', '052-250-1027', 42);
INSERT IGNORE INTO shops (id, category_id, name, image_name, description, lowest_price, highest_price, opening_time, closing_time, postal_code, address, phone_number, seating_capacity) VALUES (28, 28, '栄ベーカリー', 'shop28.jpg', '名古屋の地元民に愛される人気店です。', 400, 1000, '08:00:00', '19:00:00', '460-0000', '名古屋市中区栄3-16-6', '052-250-1028', 18);
INSERT IGNORE INTO shops (id, category_id, name, image_name, description, lowest_price, highest_price, opening_time, closing_time, postal_code, address, phone_number, seating_capacity) VALUES (29, 29, '覚王山スイーツ', 'shop29.jpg', '名古屋の地元民に愛される人気店です。', 500, 1200, '10:00:00', '20:00:00', '460-0000', '名古屋市千種区丸山町2-6', '052-250-1029', 24);
INSERT IGNORE INTO shops (id, category_id, name, image_name, description, lowest_price, highest_price, opening_time, closing_time, postal_code, address, phone_number, seating_capacity) VALUES (30, 30, '栄焼き鳥スタンド', 'shop30.jpg', '名古屋の地元民に愛される人気店です。', 700, 1600, '17:00:00', '23:00:00', '460-0000', '名古屋市中区栄4-21-5', '052-250-1030', 34);
INSERT IGNORE INTO shops (id, category_id, name, image_name, description, lowest_price, highest_price, opening_time, closing_time, postal_code, address, phone_number, seating_capacity) VALUES (31, 31, '矢場すき焼き屋', 'shop31.jpg', '名古屋の地元民に愛される人気店です。', 900, 2600, '11:00:00', '22:00:00', '460-0000', '名古屋市中区栄4-22-9', '052-250-1031', 28);
INSERT IGNORE INTO shops (id, category_id, name, image_name, description, lowest_price, highest_price, opening_time, closing_time, postal_code, address, phone_number, seating_capacity) VALUES (32, 32, '金山しゃぶしゃぶ亭', 'shop32.jpg', '名古屋の地元民に愛される人気店です。', 900, 2400, '11:00:00', '22:00:00', '460-0000', '名古屋市熱田区金山3-3-7', '052-250-1032', 34);
INSERT IGNORE INTO shops (id, category_id, name, image_name, description, lowest_price, highest_price, opening_time, closing_time, postal_code, address, phone_number, seating_capacity) VALUES (33, 33, '瑞穂天ぷら本舗', 'shop33.jpg', '名古屋の地元民に愛される人気店です。', 700, 1800, '11:00:00', '22:00:00', '460-0000', '名古屋市瑞穂区瑞穂通1-4', '052-250-1033', 26);
INSERT IGNORE INTO shops (id, category_id, name, image_name, description, lowest_price, highest_price, opening_time, closing_time, postal_code, address, phone_number, seating_capacity) VALUES (34, 34, '栄鉄板焼グリル', 'shop34.jpg', '名古屋の地元民に愛される人気店です。', 900, 2600, '11:00:00', '23:00:00', '460-0000', '名古屋市中区栄3-24-4', '052-250-1034', 40);
INSERT IGNORE INTO shops (id, category_id, name, image_name, description, lowest_price, highest_price, opening_time, closing_time, postal_code, address, phone_number, seating_capacity) VALUES (35, 3, '矢場味噌カツ丼', 'shop35.jpg', '名古屋の地元民に愛される人気店です。', 800, 1800, '11:00:00', '22:00:00', '460-0000', '名古屋市中区栄3-3-19', '052-250-1035', 28);
INSERT IGNORE INTO shops (id, category_id, name, image_name, description, lowest_price, highest_price, opening_time, closing_time, postal_code, address, phone_number, seating_capacity) VALUES (36, 4, '台湾ラーメン味仙', 'shop36.jpg', '名古屋の地元民に愛される人気店です。', 700, 1400, '11:00:00', '22:00:00', '460-0000', '名古屋市中区今池1-12-16', '052-250-1036', 36);
INSERT IGNORE INTO shops (id, category_id, name, image_name, description, lowest_price, highest_price, opening_time, closing_time, postal_code, address, phone_number, seating_capacity) VALUES (37, 6, '大須味噌カツ横丁', 'shop37.jpg', '名古屋の地元民に愛される人気店です。', 700, 1700, '11:00:00', '22:00:00', '460-0000', '名古屋市中区大須2-10-4', '052-250-1037', 30);
INSERT IGNORE INTO shops (id, category_id, name, image_name, description, lowest_price, highest_price, opening_time, closing_time, postal_code, address, phone_number, seating_capacity) VALUES (38, 7, '名駅串カツ酒場', 'shop38.jpg', '名古屋の地元民に愛される人気店です。', 600, 1500, '17:00:00', '23:00:00', '460-0000', '名古屋市中村区名駅4-7-2', '052-250-1038', 48);
INSERT IGNORE INTO shops (id, category_id, name, image_name, description, lowest_price, highest_price, opening_time, closing_time, postal_code, address, phone_number, seating_capacity) VALUES (39, 8, '栄ホルモン焼肉苑', 'shop39.jpg', '名古屋の地元民に愛される人気店です。', 900, 2600, '11:00:00', '23:00:00', '460-0000', '名古屋市中区栄5-14-5', '052-250-1039', 44);
INSERT IGNORE INTO shops (id, category_id, name, image_name, description, lowest_price, highest_price, opening_time, closing_time, postal_code, address, phone_number, seating_capacity) VALUES (40, 9, '熱田回転寿司まる', 'shop40.jpg', '名古屋の地元民に愛される人気店です。', 800, 2000, '11:00:00', '22:00:00', '460-0000', '名古屋市熱田区神宮2-10-8', '052-250-1040', 26);
INSERT IGNORE INTO shops (id, category_id, name, image_name, description, lowest_price, highest_price, opening_time, closing_time, postal_code, address, phone_number, seating_capacity) VALUES (41, 12, '大須モーニング喫茶', 'shop41.jpg', '名古屋の地元民に愛される人気店です。', 500, 1000, '07:00:00', '18:00:00', '460-0000', '名古屋市中区大須3-5-2', '052-250-1041', 30);
INSERT IGNORE INTO shops (id, category_id, name, image_name, description, lowest_price, highest_price, opening_time, closing_time, postal_code, address, phone_number, seating_capacity) VALUES (42, 14, '栄トラットリア', 'shop42.jpg', '名古屋の地元民に愛される人気店です。', 900, 2300, '11:00:00', '22:00:00', '460-0000', '名古屋市中区栄4-14-8', '052-250-1042', 28);
INSERT IGNORE INTO shops (id, category_id, name, image_name, description, lowest_price, highest_price, opening_time, closing_time, postal_code, address, phone_number, seating_capacity) VALUES (43, 18, '名駅タイキッチン', 'shop43.jpg', '名古屋の地元民に愛される人気店です。', 700, 1700, '11:00:00', '22:00:00', '460-0000', '名古屋市中村区名駅3-19-6', '052-250-1043', 32);
INSERT IGNORE INTO shops (id, category_id, name, image_name, description, lowest_price, highest_price, opening_time, closing_time, postal_code, address, phone_number, seating_capacity) VALUES (44, 22, '矢場バーガー本店', 'shop44.jpg', '名古屋の地元民に愛される人気店です。', 800, 1600, '11:00:00', '22:00:00', '460-0000', '名古屋市中区栄3-22-9', '052-250-1044', 24);
INSERT IGNORE INTO shops (id, category_id, name, image_name, description, lowest_price, highest_price, opening_time, closing_time, postal_code, address, phone_number, seating_capacity) VALUES (45, 24, '栄ねぎ焼き屋', 'shop45.jpg', '名古屋の地元民に愛される人気店です。', 700, 1500, '11:00:00', '22:00:00', '460-0000', '名古屋市中区栄4-19-3', '052-250-1045', 26);
INSERT IGNORE INTO shops (id, category_id, name, image_name, description, lowest_price, highest_price, opening_time, closing_time, postal_code, address, phone_number, seating_capacity) VALUES (46, 26, '赤から鍋今池店', 'shop46.jpg', '名古屋の地元民に愛される人気店です。', 900, 2200, '11:00:00', '23:00:00', '460-0000', '名古屋市千種区今池5-3-7', '052-250-1046', 38);
INSERT IGNORE INTO shops (id, category_id, name, image_name, description, lowest_price, highest_price, opening_time, closing_time, postal_code, address, phone_number, seating_capacity) VALUES (47, 28, '金山ベーカリー', 'shop47.jpg', '名古屋の地元民に愛される人気店です。', 400, 900, '08:00:00', '19:00:00', '460-0000', '名古屋市熱田区金山4-2-5', '052-250-1047', 22);
INSERT IGNORE INTO shops (id, category_id, name, image_name, description, lowest_price, highest_price, opening_time, closing_time, postal_code, address, phone_number, seating_capacity) VALUES (48, 29, '栄クレープ屋', 'shop48.jpg', '名古屋の地元民に愛される人気店です。', 500, 1200, '10:00:00', '20:00:00', '460-0000', '名古屋市中区栄3-10-12', '052-250-1048', 20);
INSERT IGNORE INTO shops (id, category_id, name, image_name, description, lowest_price, highest_price, opening_time, closing_time, postal_code, address, phone_number, seating_capacity) VALUES (49, 30, '炭火焼鳥栄横丁', 'shop49.jpg', '名古屋の地元民に愛される人気店です。', 700, 1700, '17:00:00', '23:30:00', '460-0000', '名古屋市中区栄4-2-14', '052-250-1049', 36);
INSERT IGNORE INTO shops (id, category_id, name, image_name, description, lowest_price, highest_price, opening_time, closing_time, postal_code, address, phone_number, seating_capacity) VALUES (50, 33, '名駅天ぷらスタンド', 'shop50.jpg', '名古屋の地元民に愛される人気店です。', 700, 1800, '11:00:00', '22:00:00', '460-0000', '名古屋市中村区名駅5-1-1', '052-250-1050', 28);

-- shop_holidaysテーブル
INSERT IGNORE INTO shop_holidays (id, shop_id, monday, tuesday, wednesday, thursday, friday, saturday, sunday) VALUES (1, 1, 1, 1, 0, 0, 0, 0, 0);
INSERT IGNORE INTO shop_holidays (id, shop_id, monday, tuesday, wednesday, thursday, friday, saturday, sunday) VALUES (2, 2, 0, 0, 1, 0, 0, 0, 0);
INSERT IGNORE INTO shop_holidays (id, shop_id, monday, tuesday, wednesday, thursday, friday, saturday, sunday) VALUES (3, 3, 0, 0, 0, 0, 0, 1, 1);
INSERT IGNORE INTO shop_holidays (id, shop_id, monday, tuesday, wednesday, thursday, friday, saturday, sunday) VALUES (4, 4, 0, 0, 0, 0, 0, 0, 0);
INSERT IGNORE INTO shop_holidays (id, shop_id, monday, tuesday, wednesday, thursday, friday, saturday, sunday) VALUES (5, 5, 1, 1, 1, 1, 1, 0, 0);
INSERT IGNORE INTO shop_holidays (id, shop_id, monday, tuesday, wednesday, thursday, friday, saturday, sunday) VALUES (6, 6, 1, 0, 0, 0, 0, 0, 0);
INSERT IGNORE INTO shop_holidays (id, shop_id, monday, tuesday, wednesday, thursday, friday, saturday, sunday) VALUES (7, 7, 0, 1, 0, 0, 0, 0, 0);
INSERT IGNORE INTO shop_holidays (id, shop_id, monday, tuesday, wednesday, thursday, friday, saturday, sunday) VALUES (8, 8, 0, 0, 1, 0, 0, 0, 0);
INSERT IGNORE INTO shop_holidays (id, shop_id, monday, tuesday, wednesday, thursday, friday, saturday, sunday) VALUES (9, 9, 0, 0, 0, 1, 0, 0, 0);
INSERT IGNORE INTO shop_holidays (id, shop_id, monday, tuesday, wednesday, thursday, friday, saturday, sunday) VALUES (10, 10, 0, 0, 0, 0, 1, 0, 0);
INSERT IGNORE INTO shop_holidays (id, shop_id, monday, tuesday, wednesday, thursday, friday, saturday, sunday) VALUES (11, 11, 0, 0, 0, 0, 0, 1, 0);
INSERT IGNORE INTO shop_holidays (id, shop_id, monday, tuesday, wednesday, thursday, friday, saturday, sunday) VALUES (12, 12, 0, 0, 0, 0, 0, 0, 1);
INSERT IGNORE INTO shop_holidays (id, shop_id, monday, tuesday, wednesday, thursday, friday, saturday, sunday) VALUES (13, 13, 1, 1, 0, 0, 0, 0, 0);
INSERT IGNORE INTO shop_holidays (id, shop_id, monday, tuesday, wednesday, thursday, friday, saturday, sunday) VALUES (14, 14, 0, 1, 1, 0, 0, 0, 0);
INSERT IGNORE INTO shop_holidays (id, shop_id, monday, tuesday, wednesday, thursday, friday, saturday, sunday) VALUES (15, 15, 0, 0, 1, 1, 0, 0, 0);
INSERT IGNORE INTO shop_holidays (id, shop_id, monday, tuesday, wednesday, thursday, friday, saturday, sunday) VALUES (16, 16, 0, 0, 0, 1, 1, 0, 0);
INSERT IGNORE INTO shop_holidays (id, shop_id, monday, tuesday, wednesday, thursday, friday, saturday, sunday) VALUES (17, 17, 0, 0, 0, 0, 1, 1, 0);
INSERT IGNORE INTO shop_holidays (id, shop_id, monday, tuesday, wednesday, thursday, friday, saturday, sunday) VALUES (18, 18, 0, 0, 0, 0, 0, 1, 1);
INSERT IGNORE INTO shop_holidays (id, shop_id, monday, tuesday, wednesday, thursday, friday, saturday, sunday) VALUES (19, 19, 1, 0, 0, 0, 0, 0, 1);
INSERT IGNORE INTO shop_holidays (id, shop_id, monday, tuesday, wednesday, thursday, friday, saturday, sunday) VALUES (20, 20, 1, 0, 1, 0, 0, 0, 0);
INSERT IGNORE INTO shop_holidays (id, shop_id, monday, tuesday, wednesday, thursday, friday, saturday, sunday) VALUES (21, 21, 0, 1, 0, 1, 0, 0, 0);
INSERT IGNORE INTO shop_holidays (id, shop_id, monday, tuesday, wednesday, thursday, friday, saturday, sunday) VALUES (22, 22, 0, 0, 1, 0, 1, 0, 0);
INSERT IGNORE INTO shop_holidays (id, shop_id, monday, tuesday, wednesday, thursday, friday, saturday, sunday) VALUES (23, 23, 1, 0, 1, 0, 1, 0, 0);
INSERT IGNORE INTO shop_holidays (id, shop_id, monday, tuesday, wednesday, thursday, friday, saturday, sunday) VALUES (24, 24, 0, 1, 0, 1, 0, 1, 0);
INSERT IGNORE INTO shop_holidays (id, shop_id, monday, tuesday, wednesday, thursday, friday, saturday, sunday) VALUES (25, 25, 0, 0, 1, 0, 1, 0, 1);
INSERT IGNORE INTO shop_holidays (id, shop_id, monday, tuesday, wednesday, thursday, friday, saturday, sunday) VALUES (26, 26, 1, 0, 0, 1, 0, 0, 0);
INSERT IGNORE INTO shop_holidays (id, shop_id, monday, tuesday, wednesday, thursday, friday, saturday, sunday) VALUES (27, 27, 0, 1, 0, 0, 1, 0, 0);
INSERT IGNORE INTO shop_holidays (id, shop_id, monday, tuesday, wednesday, thursday, friday, saturday, sunday) VALUES (28, 28, 0, 0, 1, 0, 0, 1, 0);
INSERT IGNORE INTO shop_holidays (id, shop_id, monday, tuesday, wednesday, thursday, friday, saturday, sunday) VALUES (29, 29, 0, 0, 0, 1, 0, 0, 1);
INSERT IGNORE INTO shop_holidays (id, shop_id, monday, tuesday, wednesday, thursday, friday, saturday, sunday) VALUES (30, 30, 0, 0, 0, 0, 1, 0, 1);
INSERT IGNORE INTO shop_holidays (id, shop_id, monday, tuesday, wednesday, thursday, friday, saturday, sunday) VALUES (31, 31, 1, 0, 0, 0, 0, 1, 0);
INSERT IGNORE INTO shop_holidays (id, shop_id, monday, tuesday, wednesday, thursday, friday, saturday, sunday) VALUES (32, 32, 0, 1, 0, 0, 0, 0, 1);
INSERT IGNORE INTO shop_holidays (id, shop_id, monday, tuesday, wednesday, thursday, friday, saturday, sunday) VALUES (33, 33, 1, 1, 1, 0, 0, 0, 0);
INSERT IGNORE INTO shop_holidays (id, shop_id, monday, tuesday, wednesday, thursday, friday, saturday, sunday) VALUES (34, 34, 0, 1, 1, 1, 0, 0, 0);
INSERT IGNORE INTO shop_holidays (id, shop_id, monday, tuesday, wednesday, thursday, friday, saturday, sunday) VALUES (35, 35, 0, 0, 1, 1, 1, 0, 0);
INSERT IGNORE INTO shop_holidays (id, shop_id, monday, tuesday, wednesday, thursday, friday, saturday, sunday) VALUES (36, 36, 0, 0, 0, 1, 1, 1, 0);
INSERT IGNORE INTO shop_holidays (id, shop_id, monday, tuesday, wednesday, thursday, friday, saturday, sunday) VALUES (37, 37, 0, 0, 0, 0, 1, 1, 1);
INSERT IGNORE INTO shop_holidays (id, shop_id, monday, tuesday, wednesday, thursday, friday, saturday, sunday) VALUES (38, 38, 1, 0, 0, 0, 0, 1, 1);
INSERT IGNORE INTO shop_holidays (id, shop_id, monday, tuesday, wednesday, thursday, friday, saturday, sunday) VALUES (39, 39, 1, 1, 1, 1, 1, 0, 0);
INSERT IGNORE INTO shop_holidays (id, shop_id, monday, tuesday, wednesday, thursday, friday, saturday, sunday) VALUES (40, 40, 0, 1, 1, 1, 1, 1, 1);
INSERT IGNORE INTO shop_holidays (id, shop_id, monday, tuesday, wednesday, thursday, friday, saturday, sunday) VALUES (41, 41, 0, 0, 0, 0, 0, 0, 0);
INSERT IGNORE INTO shop_holidays (id, shop_id, monday, tuesday, wednesday, thursday, friday, saturday, sunday) VALUES (42, 42, 1, 0, 0, 1, 0, 0, 1);
INSERT IGNORE INTO shop_holidays (id, shop_id, monday, tuesday, wednesday, thursday, friday, saturday, sunday) VALUES (43, 43, 0, 1, 0, 0, 0, 1, 0);
INSERT IGNORE INTO shop_holidays (id, shop_id, monday, tuesday, wednesday, thursday, friday, saturday, sunday) VALUES (44, 44, 0, 0, 0, 1, 0, 0, 0);
INSERT IGNORE INTO shop_holidays (id, shop_id, monday, tuesday, wednesday, thursday, friday, saturday, sunday) VALUES (45, 45, 1, 0, 0, 0, 0, 0, 0);
INSERT IGNORE INTO shop_holidays (id, shop_id, monday, tuesday, wednesday, thursday, friday, saturday, sunday) VALUES (46, 46, 0, 0, 1, 0, 0, 0, 0);
INSERT IGNORE INTO shop_holidays (id, shop_id, monday, tuesday, wednesday, thursday, friday, saturday, sunday) VALUES (47, 47, 0, 0, 0, 0, 0, 0, 0);
INSERT IGNORE INTO shop_holidays (id, shop_id, monday, tuesday, wednesday, thursday, friday, saturday, sunday) VALUES (48, 48, 0, 0, 0, 0, 1, 1, 0);
INSERT IGNORE INTO shop_holidays (id, shop_id, monday, tuesday, wednesday, thursday, friday, saturday, sunday) VALUES (49, 49, 0, 1, 0, 0, 0, 0, 1);
INSERT IGNORE INTO shop_holidays (id, shop_id, monday, tuesday, wednesday, thursday, friday, saturday, sunday) VALUES (50, 50, 0, 0, 0, 0, 0, 0, 0);

-- rolesテーブル
INSERT IGNORE INTO roles (id, name) VALUES (1, 'ROLE_GENERAL');
INSERT IGNORE INTO roles (id, name) VALUES (2, 'ROLE_ADMIN');

-- usersテーブル
INSERT IGNORE INTO users (id, name, furigana, postal_code, address, phone_number, email, password, role_id, enabled, is_paid, stripe_customer_id) VALUES (1, '侍 太郎', 'サムライ タロウ', '101-0022', '東京都千代田区神田練塀町300番地', '090-1234-5678', 'taro.samurai@example.com', '$2a$10$2JNjTwZBwo7fprL2X4sv.OEKqxnVtsVQvuXDkI8xVGix.U3W5B7CO', 1, true, false, null);
INSERT IGNORE INTO users (id, name, furigana, postal_code, address, phone_number, email, password, role_id, enabled, is_paid, stripe_customer_id) VALUES (2, '侍 花子', 'サムライ ハナコ', '101-0022', '東京都千代田区神田練塀町300番地', '090-1234-5678', 'hanako.samurai@example.com', '$2a$10$2JNjTwZBwo7fprL2X4sv.OEKqxnVtsVQvuXDkI8xVGix.U3W5B7CO', 2, true, false, null);
INSERT IGNORE INTO users (id, name, furigana, postal_code, address, phone_number, email, password, role_id, enabled, is_paid, stripe_customer_id) VALUES (3, '侍 義勝', 'サムライ ヨシカツ', '638-0644', '奈良県五條市西吉野町湯川X-XX-XX', '090-1234-5678', 'yoshikatsu.samurai@example.com', 'password', 1, false, false, null);
INSERT IGNORE INTO users (id, name, furigana, postal_code, address, phone_number, email, password, role_id, enabled, is_paid, stripe_customer_id) VALUES (4, '侍 幸美', 'サムライ サチミ', '342-0006', '埼玉県吉川市南広島X-XX-XX', '090-1234-5678', 'sachimi.samurai@example.com', 'password', 1, false, false, null);
INSERT IGNORE INTO users (id, name, furigana, postal_code, address, phone_number, email, password, role_id, enabled, is_paid, stripe_customer_id) VALUES (5, '侍 雅', 'サムライ ミヤビ', '527-0209', '滋賀県東近江市佐目町X-XX-XX', '090-1234-5678', 'miyabi.samurai@example.com', 'password', 1, false, false, null);
INSERT IGNORE INTO users (id, name, furigana, postal_code, address, phone_number, email, password, role_id, enabled, is_paid, stripe_customer_id) VALUES (6, '侍 正保', 'サムライ マサヤス', '989-1203', '宮城県柴田郡大河原町旭町X-XX-XX', '090-1234-5678', 'masayasu.samurai@example.com', 'password', 1, false, false, null);
INSERT IGNORE INTO users (id, name, furigana, postal_code, address, phone_number, email, password, role_id, enabled, is_paid, stripe_customer_id) VALUES (7, '侍 真由美', 'サムライ マユミ', '951-8015', '新潟県新潟市松岡町X-XX-XX', '090-1234-5678', 'mayumi.samurai@example.com', 'password', 1, false, false, null);
INSERT IGNORE INTO users (id, name, furigana, postal_code, address, phone_number, email, password, role_id, enabled, is_paid, stripe_customer_id) VALUES (8, '侍 安民', 'サムライ ヤスタミ', '241-0033', '神奈川県横浜市旭区今川町X-XX-XX', '090-1234-5678', 'yasutami.samurai@example.com', 'password', 1, false, false, null);
INSERT IGNORE INTO users (id, name, furigana, postal_code, address, phone_number, email, password, role_id, enabled, is_paid, stripe_customer_id) VALUES (9, '侍 章緒', 'サムライ アキオ', '739-2103', '広島県東広島市高屋町宮領X-XX-XX', '090-1234-5678', 'akio.samurai@example.com', 'password', 1, false, false, null);
INSERT IGNORE INTO users (id, name, furigana, postal_code, address, phone_number, email, password, role_id, enabled, is_paid, stripe_customer_id) VALUES (10, '侍 祐子', 'サムライ ユウコ', '601-0761', '京都府南丹市美山町高野X-XX-XX', '090-1234-5678', 'yuko.samurai@example.com', 'password', 1, false, false, null);
INSERT IGNORE INTO users (id, name, furigana, postal_code, address, phone_number, email, password, role_id, enabled, is_paid, stripe_customer_id) VALUES (11, '侍 秋美', 'サムライ アキミ', '606-8235', '京都府京都市左京区田中西春菜町X-XX-XX', '090-1234-5678', 'akimi.samurai@example.com', 'password', 1, false, false, null);
INSERT IGNORE INTO users (id, name, furigana, postal_code, address, phone_number, email, password, role_id, enabled, is_paid, stripe_customer_id) VALUES (12, '侍 信平', 'サムライ シンペイ', '673-1324', '兵庫県加東市新定X-XX-XX', '090-1234-5678', 'shinpei.samurai@example.com', 'password', 1, false, false, null);

-- reservationsテーブル
INSERT IGNORE INTO reservations (id, user_id, shop_id, reserved_at, number_of_people) VALUES (1, 1, 1, '2025-08-20 18:00:00', 2);
INSERT IGNORE INTO reservations (id, user_id, shop_id, reserved_at, number_of_people) VALUES (2, 1, 2, '2025-08-21 19:00:00', 3);
INSERT IGNORE INTO reservations (id, user_id, shop_id, reserved_at, number_of_people) VALUES (3, 1, 3, '2025-08-22 20:00:00', 4);
INSERT IGNORE INTO reservations (id, user_id, shop_id, reserved_at, number_of_people) VALUES (4, 1, 4, '2025-08-23 18:00:00', 5);
INSERT IGNORE INTO reservations (id, user_id, shop_id, reserved_at, number_of_people) VALUES (5, 1, 5, '2025-08-25 19:00:00', 6);
INSERT IGNORE INTO reservations (id, user_id, shop_id, reserved_at, number_of_people) VALUES (6, 1, 6, '2025-08-25 20:00:00', 2);
INSERT IGNORE INTO reservations (id, user_id, shop_id, reserved_at, number_of_people) VALUES (7, 1, 7, '2025-08-26 18:00:00', 3);
INSERT IGNORE INTO reservations (id, user_id, shop_id, reserved_at, number_of_people) VALUES (8, 1, 8, '2025-08-28 19:00:00', 4);
INSERT IGNORE INTO reservations (id, user_id, shop_id, reserved_at, number_of_people) VALUES (9, 1, 9, '2025-08-28 20:00:00', 5);
INSERT IGNORE INTO reservations (id, user_id, shop_id, reserved_at, number_of_people) VALUES (10, 1, 10, '2025-08-29 18:00:00', 6);
INSERT IGNORE INTO reservations (id, user_id, shop_id, reserved_at, number_of_people) VALUES (11, 1, 11, '2025-08-30 19:00:00', 2);
INSERT IGNORE INTO reservations (id, user_id, shop_id, reserved_at, number_of_people) VALUES (12, 1, 12, '2025-08-13 18:00:00', 2);

-- reviewsテーブル
INSERT IGNORE INTO reviews (id, shop_id, user_id, score, content) VALUES (1, 1, 1, 5, '友人と伺いました。料理はどれも美味しかったです。店の雰囲気も良く、また利用したいです。');
INSERT IGNORE INTO reviews (id, shop_id, user_id, score, content) VALUES (2, 1, 2, 4, '友人と伺いました。料理はどれも美味しかったです。店の雰囲気も良く、また利用したいです。');
INSERT IGNORE INTO reviews (id, shop_id, user_id, score, content) VALUES (3, 1, 3, 4, '友人と伺いました。料理はどれも美味しかったです。店の雰囲気も良く、また利用したいです。。');
INSERT IGNORE INTO reviews (id, shop_id, user_id, score, content) VALUES (4, 1, 4, 5, '友人と伺いました。料理はどれも美味しかったです。店の雰囲気も良く、また利用したいです。');
INSERT IGNORE INTO reviews (id, shop_id, user_id, score, content) VALUES (5, 1, 5, 4, '友人と伺いました。料理はどれも美味しかったです。店の雰囲気も良く、また利用したいです。');
INSERT IGNORE INTO reviews (id, shop_id, user_id, score, content) VALUES (6, 1, 6, 5, '友人と伺いました。料理はどれも美味しかったです。店の雰囲気も良く、また利用したいです。');
INSERT IGNORE INTO reviews (id, shop_id, user_id, score, content) VALUES (7, 1, 7, 4, '友人と伺いました。料理はどれも美味しかったです。店の雰囲気も良く、また利用したいです。');
INSERT IGNORE INTO reviews (id, shop_id, user_id, score, content) VALUES (8, 1, 8, 3, '友人と伺いました。料理はどれも美味しかったです。店の雰囲気も良く、また利用したいです。');
INSERT IGNORE INTO reviews (id, shop_id, user_id, score, content) VALUES (9, 1, 9, 4, '友人と伺いました。料理はどれも美味しかったです。店の雰囲気も良く、また利用したいです。');
INSERT IGNORE INTO reviews (id, shop_id, user_id, score, content) VALUES (10, 1, 10, 5, '友人と伺いました。料理はどれも美味しかったです。店の雰囲気も良く、また利用したいです。');
INSERT IGNORE INTO reviews (id, shop_id, user_id, score, content) VALUES (11, 1, 11, 4, '友人と伺いました。料理はどれも美味しかったです。店の雰囲気も良く、また利用したいです。');
INSERT IGNORE INTO reviews (id, shop_id, user_id, score, content) VALUES (12, 1, 12, 5, '友人と伺いました。料理はどれも美味しかったです。店の雰囲気も良く、また利用したいです。');

-- favoritesテーブル
INSERT IGNORE INTO favorites (id, shop_id, user_id) VALUES (1, 1, 1);
INSERT IGNORE INTO favorites (id, shop_id, user_id) VALUES (2, 2, 1);
INSERT IGNORE INTO favorites (id, shop_id, user_id) VALUES (3, 3, 1);
INSERT IGNORE INTO favorites (id, shop_id, user_id) VALUES (4, 4, 1);
INSERT IGNORE INTO favorites (id, shop_id, user_id) VALUES (5, 5, 1);
INSERT IGNORE INTO favorites (id, shop_id, user_id) VALUES (6, 6, 1);
INSERT IGNORE INTO favorites (id, shop_id, user_id) VALUES (7, 7, 1);
INSERT IGNORE INTO favorites (id, shop_id, user_id) VALUES (8, 8, 1);
INSERT IGNORE INTO favorites (id, shop_id, user_id) VALUES (9, 9, 1);
INSERT IGNORE INTO favorites (id, shop_id, user_id) VALUES (10, 10, 1);
INSERT IGNORE INTO favorites (id, shop_id, user_id) VALUES (11, 11, 1);
INSERT IGNORE INTO favorites (id, shop_id, user_id) VALUES (12, 12, 1);
